com.samsung.shealth.tracker.oxygen_saturation,6235027,3
source,tag_id,com.samsung.health.oxygen_saturation.start_time,com.samsung.health.oxygen_saturation.custom,com.samsung.health.oxygen_saturation.update_time,com.samsung.health.oxygen_saturation.create_time,com.samsung.health.oxygen_saturation.low_duration,com.samsung.health.oxygen_saturation.binning,com.samsung.health.oxygen_saturation.max,com.samsung.health.oxygen_saturation.min,com.samsung.health.oxygen_saturation.spo2,com.samsung.health.oxygen_saturation.time_offset,com.samsung.health.oxygen_saturation.deviceuuid,com.samsung.health.oxygen_saturation.comment,com.samsung.health.oxygen_saturation.pkg_name,com.samsung.health.oxygen_saturation.end_time,com.samsung.health.oxygen_saturation.datauuid,com.samsung.health.oxygen_saturation.heart_rate
,31301,2023-04-28 07:55:00.000,,2023-04-28 14:49:03.709,2023-04-28 14:49:03.709,270,0d86edaf-41d7-4305-9fe9-acf704dd0cc7.com.samsung.health.oxygen_saturation.binning.json,96.0,88.0,91.0,UTC-0600,yUp5hdLGo8,,com.sec.android.app.shealth,2023-04-28 14:39:00.000,0d86edaf-41d7-4305-9fe9-acf704dd0cc7,,
,31301,2023-04-30 07:38:00.000,,2023-04-30 14:29:54.482,2023-04-30 14:29:54.482,477,41067a54-c660-4ce0-983d-46e90d658566.com.samsung.health.oxygen_saturation.binning.json,99.0,83.0,92.0,UTC-0600,yUp5hdLGo8,,com.sec.android.app.shealth,2023-04-30 14:06:00.000,41067a54-c660-4ce0-983d-46e90d658566,,
,31301,2023-04-27 05:45:00.000,,2023-04-27 14:39:56.458,2023-04-27 14:39:56.458,686,1d24a151-1711-4375-830d-d8e894110d60.com.samsung.health.oxygen_saturation.binning.json,98.0,84.0,91.0,UTC-0600,yUp5hdLGo8,,com.sec.android.app.shealth,2023-04-27 14:32:00.000,1d24a151-1711-4375-830d-d8e894110d60,,
